<?xml version="1.0" encoding="UTF-8"?>

<beans xmlns="http://www.springframework.org/schema/beans"
	xmlns:mvc="http://www.springframework.org/schema/mvc" 
	xmlns:xsi="http://www.w3.org/2001/XMLSchema-instance"
	xsi:schemaLocation="http://www.springframework.org/schema/beans 
		http://www.springframework.org/schema/beans/spring-beans.xsd
		http://www.springframework.org/schema/mvc
		http://www.springframework.org/schema/mvc/spring-mvc.xsd">

	<mvc:annotation-driven />

	<mvc:default-servlet-handler />

	<mvc:view-resolvers> 
		<mvc:jsp prefix="/" />
	</mvc:view-resolvers>

	 <mvc:view-controller path="/" view-name="main" />
	
<!-- 	<mvc:interceptors>
		<mvc:interceptor>
			<mvc:mapping path="/edit/**" />
			<bean class="controller.AuthCheckInterceptor" />
		</mvc:interceptor>
	</mvc:interceptors> -->

	<bean id="messageSource"
		class="org.springframework.context.support.ResourceBundleMessageSource">
		<property name="basenames">
			<list>
				<value>message.label</value>
			</list>
		</property>
		<property name="defaultEncoding" value="UTF-8" />
	</bean>

</beans>