<?xml version="1.0" encoding="UTF-8"?>
<beans xmlns="http://www.springframework.org/schema/beans"
	xmlns:xsi="http://www.w3.org/2001/XMLSchema-instance"
	xsi:schemaLocation="http://www.springframework.org/schema/beans
		http://www.springframework.org/schema/beans/spring-beans.xsd">

	<bean class="controller.BoardController">
	<property name="boardListService" ref="boardListSvc" />
	<property name="boardRegisterService" ref="boardRegisterSvc" />
	</bean>
	<bean class="controller.LoginController">
		<property name="authService" ref="authService" />	
		<property name="memberRegisterService" ref="memberRegSvc" />
	</bean> 
	<bean class="controller.MemberController">
		<property name="daoMember" ref="daoMember" />
		<property name="daoDriver" ref="daoDriver" />
		<property name="authService" ref="authService" />
		<property name="changePasswordService" ref="changePwdSvc" />
		<property name="memberRegisterService" ref="memberRegSvc" />
		<property name="driverRegisterService" ref="driverRegSvc" />
		<property name="driverService" ref="driverService" />
		<property name="carService" ref="carService" />  
	</bean>
 
</beans>
 